{
    "private": true,
    "scripts": {
        "dev": "npm run development",
        "development": "cross-env NODE_ENV=development node_modules/webpack/bin/webpack.js --progress --hide-modules --config=node_modules/laravel-mix/setup/webpack.config.js",
        "watch": "npm run development -- --watch",
        "watch-poll": "npm run watch -- --watch-poll",
        "hot": "cross-env NODE_ENV=development node_modules/webpack-dev-server/bin/webpack-dev-server.js --inline --hot --config=node_modules/laravel-mix/setup/webpack.config.js",
        "prod": "npm run production",
        "production": "cross-env NODE_ENV=production node_modules/webpack/bin/webpack.js --no-progress --hide-modules --config=node_modules/laravel-mix/setup/webpack.config.js"
    },
    "devDependencies": {
        "@babel/core": "^7.19.0",
        "@babel/preset-env": "^7.19.0",
        "@fortawesome/fontawesome-free": "^5.11.2",
        "axios": "^0.19",
        "bootstrap": "^4.3.1",
        "cross-env": "^5.1",
        "jquery": "^3.4.1",
        "laravel-mix": "^4.0.7",
        "laravel-mix-purgecss": "^5.0.0-rc.1",
        "lodash": "^4.17.13",
        "overlayscrollbars": "^1.10.0",
        "popper.js": "^1.12",
        "resolve-url-loader": "^2.3.1",
        "sass": "^1.15.2",
        "sass-loader": "^7.1.0",
        "vue": "^2.5.17",
        "vue-template-compiler": "^2.6.11"
    }
}
